0.00E+00,0.00E+00,0.00E+00,0.00E+00,0.00E+00,0.00E+00,0.00E+00,0.00E+00,9.36E-05,0.00E+00,0.00E+00,0.00E+00,0.00E+00,0.00E+00,0.00E+00,0.00E+00
0.00E+00,0.00E+00,0.00E+00,0.00E+00,0.00E+00,0.00E+00,0.00E+00,0.00E+00,9.36E-05,1.09E-04,0.00E+00,0.00E+00,0.00E+00,0.00E+00,0.00E+00,0.00E+00
0.00E+00,0.00E+00,0.00E+00,0.00E+00,0.00E+00,0.00E+00,0.00E+00,0.00E+00,9.36E-05,1.09E-04,9.15E-05,0.00E+00,0.00E+00,0.00E+00,0.00E+00,0.00E+00
0.00E+00,0.00E+00,0.00E+00,0.00E+00,0.00E+00,0.00E+00,0.00E+00,0.00E+00,9.36E-05,1.09E-04,9.15E-05,5.75E-05,0.00E+00,0.00E+00,0.00E+00,0.00E+00
0.00E+00,0.00E+00,0.00E+00,0.00E+00,0.00E+00,0.00E+00,0.00E+00,0.00E+00,9.36E-05,1.09E-04,9.15E-05,5.75E-05,5.18E-05,0.00E+00,0.00E+00,0.00E+00
0.00E+00,0.00E+00,0.00E+00,0.00E+00,0.00E+00,0.00E+00,0.00E+00,0.00E+00,9.36E-05,1.09E-04,9.15E-05,5.75E-05,5.18E-05,7.91E-06,0.00E+00,0.00E+00
0.00E+00,0.00E+00,0.00E+00,0.00E+00,0.00E+00,0.00E+00,0.00E+00,0.00E+00,9.36E-05,1.09E-04,9.15E-05,5.75E-05,5.18E-05,7.91E-06,3.81E-05,0.00E+00
0.00E+00,0.00E+00,0.00E+00,0.00E+00,0.00E+00,0.00E+00,0.00E+00,0.00E+00,9.36E-05,1.09E-04,9.15E-05,5.75E-05,5.18E-05,7.91E-06,3.81E-05,4.74E-05
4.27E-03,0.00E+00,0.00E+00,0.00E+00,0.00E+00,0.00E+00,0.00E+00,0.00E+00,9.36E-05,1.09E-04,9.15E-05,5.75E-05,5.18E-05,7.91E-06,3.81E-05,4.74E-05
4.27E-03,9.31E-04,0.00E+00,0.00E+00,0.00E+00,0.00E+00,0.00E+00,0.00E+00,9.36E-05,1.09E-04,9.15E-05,5.75E-05,5.18E-05,7.91E-06,3.81E-05,4.74E-05
4.27E-03,9.31E-04,1.42E-03,0.00E+00,0.00E+00,0.00E+00,0.00E+00,0.00E+00,9.36E-05,1.09E-04,9.15E-05,5.75E-05,5.18E-05,7.91E-06,3.81E-05,4.74E-05
4.27E-03,9.31E-04,1.42E-03,2.22E-04,0.00E+00,0.00E+00,0.00E+00,0.00E+00,9.36E-05,1.09E-04,9.15E-05,5.75E-05,5.18E-05,7.91E-06,3.81E-05,4.74E-05
4.27E-03,9.31E-04,1.42E-03,2.22E-04,1.31E-04,0.00E+00,0.00E+00,0.00E+00,9.36E-05,1.09E-04,9.15E-05,5.75E-05,5.18E-05,7.91E-06,3.81E-05,4.74E-05
4.27E-03,9.31E-04,1.42E-03,2.22E-04,1.31E-04,1.02E-04,0.00E+00,0.00E+00,9.36E-05,1.09E-04,9.15E-05,5.75E-05,5.18E-05,7.91E-06,3.81E-05,4.74E-05
4.27E-03,9.31E-04,1.42E-03,2.22E-04,1.31E-04,1.02E-04,1.00E-04,0.00E+00,9.36E-05,1.09E-04,9.15E-05,5.75E-05,5.18E-05,7.91E-06,3.81E-05,4.74E-05
4.27E-03,9.31E-04,1.42E-03,2.22E-04,1.31E-04,1.02E-04,1.00E-04,1.04E-04,9.36E-05,1.09E-04,9.15E-05,5.75E-05,5.18E-05,7.91E-06,3.81E-05,4.74E-05
4.27E-03,9.31E-04,1.42E-03,2.22E-04,1.31E-04,1.02E-04,1.00E-04,1.04E-04,8.86E-05,1.09E-04,9.15E-05,5.75E-05,5.18E-05,7.91E-06,3.81E-05,4.74E-05
4.27E-03,9.31E-04,1.42E-03,2.22E-04,1.31E-04,1.02E-04,1.00E-04,1.04E-04,8.86E-05,1.14E-04,9.15E-05,5.75E-05,5.18E-05,7.91E-06,3.81E-05,4.74E-05
4.27E-03,9.31E-04,1.42E-03,2.22E-04,1.31E-04,1.02E-04,1.00E-04,1.04E-04,8.86E-05,1.14E-04,9.21E-05,5.75E-05,5.18E-05,7.91E-06,3.81E-05,4.74E-05
4.27E-03,9.31E-04,1.42E-03,2.22E-04,1.31E-04,1.02E-04,1.00E-04,1.04E-04,8.86E-05,1.14E-04,9.21E-05,5.66E-05,5.18E-05,7.91E-06,3.81E-05,4.74E-05
4.27E-03,9.31E-04,1.42E-03,2.22E-04,1.31E-04,1.02E-04,1.00E-04,1.04E-04,8.86E-05,1.14E-04,9.21E-05,5.66E-05,4.95E-05,7.91E-06,3.81E-05,4.74E-05
4.27E-03,9.31E-04,1.42E-03,2.22E-04,1.31E-04,1.02E-04,1.00E-04,1.04E-04,8.86E-05,1.14E-04,9.21E-05,5.66E-05,4.95E-05,7.79E-06,3.81E-05,4.74E-05
4.27E-03,9.31E-04,1.42E-03,2.22E-04,1.31E-04,1.02E-04,1.00E-04,1.04E-04,8.86E-05,1.14E-04,9.21E-05,5.66E-05,4.95E-05,7.79E-06,3.86E-05,4.74E-05
4.27E-03,9.31E-04,1.42E-03,2.22E-04,1.31E-04,1.02E-04,1.00E-04,1.04E-04,8.86E-05,1.14E-04,9.21E-05,5.66E-05,4.95E-05,7.79E-06,3.86E-05,4.61E-05
6.19E-03,9.31E-04,1.42E-03,2.22E-04,1.31E-04,1.02E-04,1.00E-04,1.04E-04,8.86E-05,1.14E-04,9.21E-05,5.66E-05,4.95E-05,7.79E-06,3.86E-05,4.61E-05
6.19E-03,8.58E-04,1.42E-03,2.22E-04,1.31E-04,1.02E-04,1.00E-04,1.04E-04,8.86E-05,1.14E-04,9.21E-05,5.66E-05,4.95E-05,7.79E-06,3.86E-05,4.61E-05
6.19E-03,8.58E-04,1.78E-03,2.22E-04,1.31E-04,1.02E-04,1.00E-04,1.04E-04,8.86E-05,1.14E-04,9.21E-05,5.66E-05,4.95E-05,7.79E-06,3.86E-05,4.61E-05
6.19E-03,8.58E-04,1.78E-03,2.26E-04,1.31E-04,1.02E-04,1.00E-04,1.04E-04,8.86E-05,1.14E-04,9.21E-05,5.66E-05,4.95E-05,7.79E-06,3.86E-05,4.61E-05
6.19E-03,8.58E-04,1.78E-03,2.26E-04,1.32E-04,1.02E-04,1.00E-04,1.04E-04,8.86E-05,1.14E-04,9.21E-05,5.66E-05,4.95E-05,7.79E-06,3.86E-05,4.61E-05
6.19E-03,8.58E-04,1.78E-03,2.26E-04,1.32E-04,1.06E-04,1.00E-04,1.04E-04,8.86E-05,1.14E-04,9.21E-05,5.66E-05,4.95E-05,7.79E-06,3.86E-05,4.61E-05
6.19E-03,8.58E-04,1.78E-03,2.26E-04,1.32E-04,1.06E-04,1.12E-04,1.04E-04,8.86E-05,1.14E-04,9.21E-05,5.66E-05,4.95E-05,7.79E-06,3.86E-05,4.61E-05
6.19E-03,8.58E-04,1.78E-03,2.26E-04,1.32E-04,1.06E-04,1.12E-04,1.18E-04,8.86E-05,1.14E-04,9.21E-05,5.66E-05,4.95E-05,7.79E-06,3.86E-05,4.61E-05
6.19E-03,8.58E-04,1.78E-03,2.26E-04,1.32E-04,1.06E-04,1.12E-04,1.18E-04,8.98E-05,1.14E-04,9.21E-05,5.66E-05,4.95E-05,7.79E-06,3.86E-05,4.61E-05
6.19E-03,8.58E-04,1.78E-03,2.26E-04,1.32E-04,1.06E-04,1.12E-04,1.18E-04,8.98E-05,1.12E-04,9.21E-05,5.66E-05,4.95E-05,7.79E-06,3.86E-05,4.61E-05
6.19E-03,8.58E-04,1.78E-03,2.26E-04,1.32E-04,1.06E-04,1.12E-04,1.18E-04,8.98E-05,1.12E-04,9.23E-05,5.66E-05,4.95E-05,7.79E-06,3.86E-05,4.61E-05
6.19E-03,8.58E-04,1.78E-03,2.26E-04,1.32E-04,1.06E-04,1.12E-04,1.18E-04,8.98E-05,1.12E-04,9.23E-05,5.78E-05,4.95E-05,7.79E-06,3.86E-05,4.61E-05
6.19E-03,8.58E-04,1.78E-03,2.26E-04,1.32E-04,1.06E-04,1.12E-04,1.18E-04,8.98E-05,1.12E-04,9.23E-05,5.78E-05,5.03E-05,7.79E-06,3.86E-05,4.61E-05
6.19E-03,8.58E-04,1.78E-03,2.26E-04,1.32E-04,1.06E-04,1.12E-04,1.18E-04,8.98E-05,1.12E-04,9.23E-05,5.78E-05,5.03E-05,7.79E-06,3.86E-05,4.61E-05
6.19E-03,8.58E-04,1.78E-03,2.26E-04,1.32E-04,1.06E-04,1.12E-04,1.18E-04,8.98E-05,1.12E-04,9.23E-05,5.78E-05,5.03E-05,7.79E-06,3.82E-05,4.61E-05
6.19E-03,8.58E-04,1.78E-03,2.26E-04,1.32E-04,1.06E-04,1.12E-04,1.18E-04,8.98E-05,1.12E-04,9.23E-05,5.78E-05,5.03E-05,7.79E-06,3.82E-05,4.69E-05
4.39E-03,8.58E-04,1.78E-03,2.26E-04,1.32E-04,1.06E-04,1.12E-04,1.18E-04,8.98E-05,1.12E-04,9.23E-05,5.78E-05,5.03E-05,7.79E-06,3.82E-05,4.69E-05
4.39E-03,1.24E-03,1.78E-03,2.26E-04,1.32E-04,1.06E-04,1.12E-04,1.18E-04,8.98E-05,1.12E-04,9.23E-05,5.78E-05,5.03E-05,7.79E-06,3.82E-05,4.69E-05
4.39E-03,1.24E-03,1.62E-03,2.26E-04,1.32E-04,1.06E-04,1.12E-04,1.18E-04,8.98E-05,1.12E-04,9.23E-05,5.78E-05,5.03E-05,7.79E-06,3.82E-05,4.69E-05
4.39E-03,1.24E-03,1.62E-03,1.88E-04,1.32E-04,1.06E-04,1.12E-04,1.18E-04,8.98E-05,1.12E-04,9.23E-05,5.78E-05,5.03E-05,7.79E-06,3.82E-05,4.69E-05
4.39E-03,1.24E-03,1.62E-03,1.88E-04,1.22E-04,1.06E-04,1.12E-04,1.18E-04,8.98E-05,1.12E-04,9.23E-05,5.78E-05,5.03E-05,7.79E-06,3.82E-05,4.69E-05
4.39E-03,1.24E-03,1.62E-03,1.88E-04,1.22E-04,1.13E-04,1.12E-04,1.18E-04,8.98E-05,1.12E-04,9.23E-05,5.78E-05,5.03E-05,7.79E-06,3.82E-05,4.69E-05
4.39E-03,1.24E-03,1.62E-03,1.88E-04,1.22E-04,1.13E-04,1.12E-04,1.18E-04,8.98E-05,1.12E-04,9.23E-05,5.78E-05,5.03E-05,7.79E-06,3.82E-05,4.69E-05
4.39E-03,1.24E-03,1.62E-03,1.88E-04,1.22E-04,1.13E-04,1.12E-04,1.19E-04,8.98E-05,1.12E-04,9.23E-05,5.78E-05,5.03E-05,7.79E-06,3.82E-05,4.69E-05
4.39E-03,1.24E-03,1.62E-03,1.88E-04,1.22E-04,1.13E-04,1.12E-04,1.19E-04,1.11E-04,1.12E-04,9.23E-05,5.78E-05,5.03E-05,7.79E-06,3.82E-05,4.69E-05
4.39E-03,1.24E-03,1.62E-03,1.88E-04,1.22E-04,1.13E-04,1.12E-04,1.19E-04,1.11E-04,1.14E-04,9.23E-05,5.78E-05,5.03E-05,7.79E-06,3.82E-05,4.69E-05
4.39E-03,1.24E-03,1.62E-03,1.88E-04,1.22E-04,1.13E-04,1.12E-04,1.19E-04,1.11E-04,1.14E-04,9.04E-05,5.78E-05,5.03E-05,7.79E-06,3.82E-05,4.69E-05
4.39E-03,1.24E-03,1.62E-03,1.88E-04,1.22E-04,1.13E-04,1.12E-04,1.19E-04,1.11E-04,1.14E-04,9.04E-05,5.73E-05,5.03E-05,7.79E-06,3.82E-05,4.69E-05
4.39E-03,1.24E-03,1.62E-03,1.88E-04,1.22E-04,1.13E-04,1.12E-04,1.19E-04,1.11E-04,1.14E-04,9.04E-05,5.73E-05,4.98E-05,7.79E-06,3.82E-05,4.69E-05
4.39E-03,1.24E-03,1.62E-03,1.88E-04,1.22E-04,1.13E-04,1.12E-04,1.19E-04,1.11E-04,1.14E-04,9.04E-05,5.73E-05,4.98E-05,7.81E-06,3.82E-05,4.69E-05
4.39E-03,1.24E-03,1.62E-03,1.88E-04,1.22E-04,1.13E-04,1.12E-04,1.19E-04,1.11E-04,1.14E-04,9.04E-05,5.73E-05,4.98E-05,7.81E-06,3.69E-05,4.69E-05
4.39E-03,1.24E-03,1.62E-03,1.88E-04,1.22E-04,1.13E-04,1.12E-04,1.19E-04,1.11E-04,1.14E-04,9.04E-05,5.73E-05,4.98E-05,7.81E-06,3.69E-05,4.57E-05
4.95E-03,1.24E-03,1.62E-03,1.88E-04,1.22E-04,1.13E-04,1.12E-04,1.19E-04,1.11E-04,1.14E-04,9.04E-05,5.73E-05,4.98E-05,7.81E-06,3.69E-05,4.57E-05
4.95E-03,1.26E-03,1.62E-03,1.88E-04,1.22E-04,1.13E-04,1.12E-04,1.19E-04,1.11E-04,1.14E-04,9.04E-05,5.73E-05,4.98E-05,7.81E-06,3.69E-05,4.57E-05
4.95E-03,1.26E-03,1.53E-03,1.88E-04,1.22E-04,1.13E-04,1.12E-04,1.19E-04,1.11E-04,1.14E-04,9.04E-05,5.73E-05,4.98E-05,7.81E-06,3.69E-05,4.57E-05
4.95E-03,1.26E-03,1.53E-03,1.85E-04,1.22E-04,1.13E-04,1.12E-04,1.19E-04,1.11E-04,1.14E-04,9.04E-05,5.73E-05,4.98E-05,7.81E-06,3.69E-05,4.57E-05
4.95E-03,1.26E-03,1.53E-03,1.85E-04,1.27E-04,1.13E-04,1.12E-04,1.19E-04,1.11E-04,1.14E-04,9.04E-05,5.73E-05,4.98E-05,7.81E-06,3.69E-05,4.57E-05
4.95E-03,1.26E-03,1.53E-03,1.85E-04,1.27E-04,1.12E-04,1.12E-04,1.19E-04,1.11E-04,1.14E-04,9.04E-05,5.73E-05,4.98E-05,7.81E-06,3.69E-05,4.57E-05
4.95E-03,1.26E-03,1.53E-03,1.85E-04,1.27E-04,1.12E-04,1.05E-04,1.19E-04,1.11E-04,1.14E-04,9.04E-05,5.73E-05,4.98E-05,7.81E-06,3.69E-05,4.57E-05
4.95E-03,1.26E-03,1.53E-03,1.85E-04,1.27E-04,1.12E-04,1.05E-04,1.05E-04,1.11E-04,1.14E-04,9.04E-05,5.73E-05,4.98E-05,7.81E-06,3.69E-05,4.57E-05
4.95E-03,1.26E-03,1.53E-03,1.85E-04,1.27E-04,1.12E-04,1.05E-04,1.05E-04,8.96E-05,1.14E-04,9.04E-05,5.73E-05,4.98E-05,7.81E-06,3.69E-05,4.57E-05
4.95E-03,1.26E-03,1.53E-03,1.85E-04,1.27E-04,1.12E-04,1.05E-04,1.05E-04,8.96E-05,1.13E-04,9.04E-05,5.73E-05,4.98E-05,7.81E-06,3.69E-05,4.57E-05
4.95E-03,1.26E-03,1.53E-03,1.85E-04,1.27E-04,1.12E-04,1.05E-04,1.05E-04,8.96E-05,1.13E-04,8.76E-05,5.73E-05,4.98E-05,7.81E-06,3.69E-05,4.57E-05
4.95E-03,1.26E-03,1.53E-03,1.85E-04,1.27E-04,1.12E-04,1.05E-04,1.05E-04,8.96E-05,1.13E-04,8.76E-05,5.74E-05,4.98E-05,7.81E-06,3.69E-05,4.57E-05
4.95E-03,1.26E-03,1.53E-03,1.85E-04,1.27E-04,1.12E-04,1.05E-04,1.05E-04,8.96E-05,1.13E-04,8.76E-05,5.74E-05,5.03E-05,7.81E-06,3.69E-05,4.57E-05
4.95E-03,1.26E-03,1.53E-03,1.85E-04,1.27E-04,1.12E-04,1.05E-04,1.05E-04,8.96E-05,1.13E-04,8.76E-05,5.74E-05,5.03E-05,7.72E-06,3.69E-05,4.57E-05
4.95E-03,1.26E-03,1.53E-03,1.85E-04,1.27E-04,1.12E-04,1.05E-04,1.05E-04,8.96E-05,1.13E-04,8.76E-05,5.74E-05,5.03E-05,7.72E-06,3.77E-05,4.57E-05
4.95E-03,1.26E-03,1.53E-03,1.85E-04,1.27E-04,1.12E-04,1.05E-04,1.05E-04,8.96E-05,1.13E-04,8.76E-05,5.74E-05,5.03E-05,7.72E-06,3.77E-05,4.63E-05
6.08E-03,1.26E-03,1.53E-03,1.85E-04,1.27E-04,1.12E-04,1.05E-04,1.05E-04,8.96E-05,1.13E-04,8.76E-05,5.74E-05,5.03E-05,7.72E-06,3.77E-05,4.63E-05
6.08E-03,1.14E-03,1.53E-03,1.85E-04,1.27E-04,1.12E-04,1.05E-04,1.05E-04,8.96E-05,1.13E-04,8.76E-05,5.74E-05,5.03E-05,7.72E-06,3.77E-05,4.63E-05
6.08E-03,1.14E-03,1.71E-03,1.85E-04,1.27E-04,1.12E-04,1.05E-04,1.05E-04,8.96E-05,1.13E-04,8.76E-05,5.74E-05,5.03E-05,7.72E-06,3.77E-05,4.63E-05
6.08E-03,1.14E-03,1.71E-03,2.06E-04,1.27E-04,1.12E-04,1.05E-04,1.05E-04,8.96E-05,1.13E-04,8.76E-05,5.74E-05,5.03E-05,7.72E-06,3.77E-05,4.63E-05
6.08E-03,1.14E-03,1.71E-03,2.06E-04,1.29E-04,1.12E-04,1.05E-04,1.05E-04,8.96E-05,1.13E-04,8.76E-05,5.74E-05,5.03E-05,7.72E-06,3.77E-05,4.63E-05
6.08E-03,1.14E-03,1.71E-03,2.06E-04,1.29E-04,9.91E-05,1.05E-04,1.05E-04,8.96E-05,1.13E-04,8.76E-05,5.74E-05,5.03E-05,7.72E-06,3.77E-05,4.63E-05
6.08E-03,1.14E-03,1.71E-03,2.06E-04,1.29E-04,9.91E-05,1.01E-04,1.05E-04,8.96E-05,1.13E-04,8.76E-05,5.74E-05,5.03E-05,7.72E-06,3.77E-05,4.63E-05
6.08E-03,1.14E-03,1.71E-03,2.06E-04,1.29E-04,9.91E-05,1.01E-04,1.01E-04,8.96E-05,1.13E-04,8.76E-05,5.74E-05,5.03E-05,7.72E-06,3.77E-05,4.63E-05
6.08E-03,1.14E-03,1.71E-03,2.06E-04,1.29E-04,9.91E-05,1.01E-04,1.01E-04,8.73E-05,1.13E-04,8.76E-05,5.74E-05,5.03E-05,7.72E-06,3.77E-05,4.63E-05
6.08E-03,1.14E-03,1.71E-03,2.06E-04,1.29E-04,9.91E-05,1.01E-04,1.01E-04,8.73E-05,1.14E-04,8.76E-05,5.74E-05,5.03E-05,7.72E-06,3.77E-05,4.63E-05
6.08E-03,1.14E-03,1.71E-03,2.06E-04,1.29E-04,9.91E-05,1.01E-04,1.01E-04,8.73E-05,1.14E-04,8.88E-05,5.74E-05,5.03E-05,7.72E-06,3.77E-05,4.63E-05
6.08E-03,1.14E-03,1.71E-03,2.06E-04,1.29E-04,9.91E-05,1.01E-04,1.01E-04,8.73E-05,1.14E-04,8.88E-05,5.76E-05,5.03E-05,7.72E-06,3.77E-05,4.63E-05
6.08E-03,1.14E-03,1.71E-03,2.06E-04,1.29E-04,9.91E-05,1.01E-04,1.01E-04,8.73E-05,1.14E-04,8.88E-05,5.76E-05,5.00E-05,7.72E-06,3.77E-05,4.63E-05
6.08E-03,1.14E-03,1.71E-03,2.06E-04,1.29E-04,9.91E-05,1.01E-04,1.01E-04,8.73E-05,1.14E-04,8.88E-05,5.76E-05,5.00E-05,8.20E-06,3.77E-05,4.63E-05
6.08E-03,1.14E-03,1.71E-03,2.06E-04,1.29E-04,9.91E-05,1.01E-04,1.01E-04,8.73E-05,1.14E-04,8.88E-05,5.76E-05,5.00E-05,8.20E-06,3.71E-05,4.63E-05
6.08E-03,1.14E-03,1.71E-03,2.06E-04,1.29E-04,9.91E-05,1.01E-04,1.01E-04,8.73E-05,1.14E-04,8.88E-05,5.76E-05,5.00E-05,8.20E-06,3.71E-05,4.63E-05
5.87E-03,1.14E-03,1.71E-03,2.06E-04,1.29E-04,9.91E-05,1.01E-04,1.01E-04,8.73E-05,1.14E-04,8.88E-05,5.76E-05,5.00E-05,8.20E-06,3.71E-05,4.63E-05
5.87E-03,1.07E-03,1.71E-03,2.06E-04,1.29E-04,9.91E-05,1.01E-04,1.01E-04,8.73E-05,1.14E-04,8.88E-05,5.76E-05,5.00E-05,8.20E-06,3.71E-05,4.63E-05
5.87E-03,1.07E-03,1.81E-03,2.06E-04,1.29E-04,9.91E-05,1.01E-04,1.01E-04,8.73E-05,1.14E-04,8.88E-05,5.76E-05,5.00E-05,8.20E-06,3.71E-05,4.63E-05
5.87E-03,1.07E-03,1.81E-03,2.09E-04,1.29E-04,9.91E-05,1.01E-04,1.01E-04,8.73E-05,1.14E-04,8.88E-05,5.76E-05,5.00E-05,8.20E-06,3.71E-05,4.63E-05
5.87E-03,1.07E-03,1.81E-03,2.09E-04,1.12E-04,9.91E-05,1.01E-04,1.01E-04,8.73E-05,1.14E-04,8.88E-05,5.76E-05,5.00E-05,8.20E-06,3.71E-05,4.63E-05
5.87E-03,1.07E-03,1.81E-03,2.09E-04,1.12E-04,1.18E-04,1.01E-04,1.01E-04,8.73E-05,1.14E-04,8.88E-05,5.76E-05,5.00E-05,8.20E-06,3.71E-05,4.63E-05
5.87E-03,1.07E-03,1.81E-03,2.09E-04,1.12E-04,1.18E-04,1.04E-04,1.01E-04,8.73E-05,1.14E-04,8.88E-05,5.76E-05,5.00E-05,8.20E-06,3.71E-05,4.63E-05
5.87E-03,1.07E-03,1.81E-03,2.09E-04,1.12E-04,1.18E-04,1.04E-04,1.02E-04,8.73E-05,1.14E-04,8.88E-05,5.76E-05,5.00E-05,8.20E-06,3.71E-05,4.63E-05
5.87E-03,1.07E-03,1.81E-03,2.09E-04,1.12E-04,1.18E-04,1.04E-04,1.02E-04,9.03E-05,1.14E-04,8.88E-05,5.76E-05,5.00E-05,8.20E-06,3.71E-05,4.63E-05
5.87E-03,1.07E-03,1.81E-03,2.09E-04,1.12E-04,1.18E-04,1.04E-04,1.02E-04,9.03E-05,1.12E-04,8.88E-05,5.76E-05,5.00E-05,8.20E-06,3.71E-05,4.63E-05
5.87E-03,1.07E-03,1.81E-03,2.09E-04,1.12E-04,1.18E-04,1.04E-04,1.02E-04,9.03E-05,1.12E-04,8.83E-05,5.76E-05,5.00E-05,8.20E-06,3.71E-05,4.63E-05
5.87E-03,1.07E-03,1.81E-03,2.09E-04,1.12E-04,1.18E-04,1.04E-04,1.02E-04,9.03E-05,1.12E-04,8.83E-05,5.53E-05,5.00E-05,8.20E-06,3.71E-05,4.63E-05
5.87E-03,1.07E-03,1.81E-03,2.09E-04,1.12E-04,1.18E-04,1.04E-04,1.02E-04,9.03E-05,1.12E-04,8.83E-05,5.53E-05,5.02E-05,8.20E-06,3.71E-05,4.63E-05
5.87E-03,1.07E-03,1.81E-03,2.09E-04,1.12E-04,1.18E-04,1.04E-04,1.02E-04,9.03E-05,1.12E-04,8.83E-05,5.53E-05,5.02E-05,8.23E-06,3.71E-05,4.63E-05
5.87E-03,1.07E-03,1.81E-03,2.09E-04,1.12E-04,1.18E-04,1.04E-04,1.02E-04,9.03E-05,1.12E-04,8.83E-05,5.53E-05,5.02E-05,8.23E-06,3.83E-05,4.63E-05
5.87E-03,1.07E-03,1.81E-03,2.09E-04,1.12E-04,1.18E-04,1.04E-04,1.02E-04,9.03E-05,1.12E-04,8.83E-05,5.53E-05,5.02E-05,8.23E-06,3.83E-05,4.75E-05
4.17E-03,1.07E-03,1.81E-03,2.09E-04,1.12E-04,1.18E-04,1.04E-04,1.02E-04,9.03E-05,1.12E-04,8.83E-05,5.53E-05,5.02E-05,8.23E-06,3.83E-05,4.75E-05
4.17E-03,1.14E-03,1.81E-03,2.09E-04,1.12E-04,1.18E-04,1.04E-04,1.02E-04,9.03E-05,1.12E-04,8.83E-05,5.53E-05,5.02E-05,8.23E-06,3.83E-05,4.75E-05
4.17E-03,1.14E-03,1.92E-03,2.09E-04,1.12E-04,1.18E-04,1.04E-04,1.02E-04,9.03E-05,1.12E-04,8.83E-05,5.53E-05,5.02E-05,8.23E-06,3.83E-05,4.75E-05
4.17E-03,1.14E-03,1.92E-03,2.19E-04,1.12E-04,1.18E-04,1.04E-04,1.02E-04,9.03E-05,1.12E-04,8.83E-05,5.53E-05,5.02E-05,8.23E-06,3.83E-05,4.75E-05
4.17E-03,1.14E-03,1.92E-03,2.19E-04,1.26E-04,1.18E-04,1.04E-04,1.02E-04,9.03E-05,1.12E-04,8.83E-05,5.53E-05,5.02E-05,8.23E-06,3.83E-05,4.75E-05
4.17E-03,1.14E-03,1.92E-03,2.19E-04,1.26E-04,1.12E-04,1.04E-04,1.02E-04,9.03E-05,1.12E-04,8.83E-05,5.53E-05,5.02E-05,8.23E-06,3.83E-05,4.75E-05
4.17E-03,1.14E-03,1.92E-03,2.19E-04,1.26E-04,1.12E-04,1.09E-04,1.02E-04,9.03E-05,1.12E-04,8.83E-05,5.53E-05,5.02E-05,8.23E-06,3.83E-05,4.75E-05
4.17E-03,1.14E-03,1.92E-03,2.19E-04,1.26E-04,1.12E-04,1.09E-04,1.09E-04,9.03E-05,1.12E-04,8.83E-05,5.53E-05,5.02E-05,8.23E-06,3.83E-05,4.75E-05
4.17E-03,1.14E-03,1.92E-03,2.19E-04,1.26E-04,1.12E-04,1.09E-04,1.09E-04,9.10E-05,1.12E-04,8.83E-05,5.53E-05,5.02E-05,8.23E-06,3.83E-05,4.75E-05
4.17E-03,1.14E-03,1.92E-03,2.19E-04,1.26E-04,1.12E-04,1.09E-04,1.09E-04,9.10E-05,1.13E-04,8.83E-05,5.53E-05,5.02E-05,8.23E-06,3.83E-05,4.75E-05
4.17E-03,1.14E-03,1.92E-03,2.19E-04,1.26E-04,1.12E-04,1.09E-04,1.09E-04,9.10E-05,1.13E-04,8.77E-05,5.53E-05,5.02E-05,8.23E-06,3.83E-05,4.75E-05
4.17E-03,1.14E-03,1.92E-03,2.19E-04,1.26E-04,1.12E-04,1.09E-04,1.09E-04,9.10E-05,1.13E-04,8.77E-05,5.65E-05,5.02E-05,8.23E-06,3.83E-05,4.75E-05
4.17E-03,1.14E-03,1.92E-03,2.19E-04,1.26E-04,1.12E-04,1.09E-04,1.09E-04,9.10E-05,1.13E-04,8.77E-05,5.65E-05,5.09E-05,8.23E-06,3.83E-05,4.75E-05
4.17E-03,1.14E-03,1.92E-03,2.19E-04,1.26E-04,1.12E-04,1.09E-04,1.09E-04,9.10E-05,1.13E-04,8.77E-05,5.65E-05,5.09E-05,8.59E-06,3.83E-05,4.75E-05
4.17E-03,1.14E-03,1.92E-03,2.19E-04,1.26E-04,1.12E-04,1.09E-04,1.09E-04,9.10E-05,1.13E-04,8.77E-05,5.65E-05,5.09E-05,8.59E-06,3.78E-05,4.75E-05
4.17E-03,1.14E-03,1.92E-03,2.19E-04,1.26E-04,1.12E-04,1.09E-04,1.09E-04,9.10E-05,1.13E-04,8.77E-05,5.65E-05,5.09E-05,8.59E-06,3.78E-05,4.59E-05
6.16E-03,1.14E-03,1.92E-03,2.19E-04,1.26E-04,1.12E-04,1.09E-04,1.09E-04,9.10E-05,1.13E-04,8.77E-05,5.65E-05,5.09E-05,8.59E-06,3.78E-05,4.59E-05
6.16E-03,1.15E-03,1.92E-03,2.19E-04,1.26E-04,1.12E-04,1.09E-04,1.09E-04,9.10E-05,1.13E-04,8.77E-05,5.65E-05,5.09E-05,8.59E-06,3.78E-05,4.59E-05
6.16E-03,1.15E-03,1.56E-03,2.19E-04,1.26E-04,1.12E-04,1.09E-04,1.09E-04,9.10E-05,1.13E-04,8.77E-05,5.65E-05,5.09E-05,8.59E-06,3.78E-05,4.59E-05
6.16E-03,1.15E-03,1.56E-03,2.33E-04,1.26E-04,1.12E-04,1.09E-04,1.09E-04,9.10E-05,1.13E-04,8.77E-05,5.65E-05,5.09E-05,8.59E-06,3.78E-05,4.59E-05
6.16E-03,1.15E-03,1.56E-03,2.33E-04,1.39E-04,1.12E-04,1.09E-04,1.09E-04,9.10E-05,1.13E-04,8.77E-05,5.65E-05,5.09E-05,8.59E-06,3.78E-05,4.59E-05
6.16E-03,1.15E-03,1.56E-03,2.33E-04,1.39E-04,1.23E-04,1.09E-04,1.09E-04,9.10E-05,1.13E-04,8.77E-05,5.65E-05,5.09E-05,8.59E-06,3.78E-05,4.59E-05
6.16E-03,1.15E-03,1.56E-03,2.33E-04,1.39E-04,1.23E-04,1.21E-04,1.09E-04,9.10E-05,1.13E-04,8.77E-05,5.65E-05,5.09E-05,8.59E-06,3.78E-05,4.59E-05
6.16E-03,1.15E-03,1.56E-03,2.33E-04,1.39E-04,1.23E-04,1.21E-04,1.24E-04,9.10E-05,1.13E-04,8.77E-05,5.65E-05,5.09E-05,8.59E-06,3.78E-05,4.59E-05
6.16E-03,1.15E-03,1.56E-03,2.33E-04,1.39E-04,1.23E-04,1.21E-04,1.24E-04,1.04E-04,1.13E-04,8.77E-05,5.65E-05,5.09E-05,8.59E-06,3.78E-05,4.59E-05
6.16E-03,1.15E-03,1.56E-03,2.33E-04,1.39E-04,1.23E-04,1.21E-04,1.24E-04,1.04E-04,1.17E-04,8.77E-05,5.65E-05,5.09E-05,8.59E-06,3.78E-05,4.59E-05
6.16E-03,1.15E-03,1.56E-03,2.33E-04,1.39E-04,1.23E-04,1.21E-04,1.24E-04,1.04E-04,1.17E-04,1.02E-04,5.65E-05,5.09E-05,8.59E-06,3.78E-05,4.59E-05
6.16E-03,1.15E-03,1.56E-03,2.33E-04,1.39E-04,1.23E-04,1.21E-04,1.24E-04,1.04E-04,1.17E-04,1.02E-04,5.77E-05,5.09E-05,8.59E-06,3.78E-05,4.59E-05
6.16E-03,1.15E-03,1.56E-03,2.33E-04,1.39E-04,1.23E-04,1.21E-04,1.24E-04,1.04E-04,1.17E-04,1.02E-04,5.77E-05,5.35E-05,8.59E-06,3.78E-05,4.59E-05
6.16E-03,1.15E-03,1.56E-03,2.33E-04,1.39E-04,1.23E-04,1.21E-04,1.24E-04,1.04E-04,1.17E-04,1.02E-04,5.77E-05,5.35E-05,9.11E-06,3.78E-05,4.59E-05
6.16E-03,1.15E-03,1.56E-03,2.33E-04,1.39E-04,1.23E-04,1.21E-04,1.24E-04,1.04E-04,1.17E-04,1.02E-04,5.77E-05,5.35E-05,9.11E-06,3.86E-05,4.59E-05
6.16E-03,1.15E-03,1.56E-03,2.33E-04,1.39E-04,1.23E-04,1.21E-04,1.24E-04,1.04E-04,1.17E-04,1.02E-04,5.77E-05,5.35E-05,9.11E-06,3.86E-05,4.65E-05
5.17E-03,1.15E-03,1.56E-03,2.33E-04,1.39E-04,1.23E-04,1.21E-04,1.24E-04,1.04E-04,1.17E-04,1.02E-04,5.77E-05,5.35E-05,9.11E-06,3.86E-05,4.65E-05
5.17E-03,1.34E-03,1.56E-03,2.33E-04,1.39E-04,1.23E-04,1.21E-04,1.24E-04,1.04E-04,1.17E-04,1.02E-04,5.77E-05,5.35E-05,9.11E-06,3.86E-05,4.65E-05
5.17E-03,1.34E-03,1.84E-03,2.33E-04,1.39E-04,1.23E-04,1.21E-04,1.24E-04,1.04E-04,1.17E-04,1.02E-04,5.77E-05,5.35E-05,9.11E-06,3.86E-05,4.65E-05
5.17E-03,1.34E-03,1.84E-03,2.01E-04,1.39E-04,1.23E-04,1.21E-04,1.24E-04,1.04E-04,1.17E-04,1.02E-04,5.77E-05,5.35E-05,9.11E-06,3.86E-05,4.65E-05
5.17E-03,1.34E-03,1.84E-03,2.01E-04,1.21E-04,1.23E-04,1.21E-04,1.24E-04,1.04E-04,1.17E-04,1.02E-04,5.77E-05,5.35E-05,9.11E-06,3.86E-05,4.65E-05
5.17E-03,1.34E-03,1.84E-03,2.01E-04,1.21E-04,1.26E-04,1.21E-04,1.24E-04,1.04E-04,1.17E-04,1.02E-04,5.77E-05,5.35E-05,9.11E-06,3.86E-05,4.65E-05
5.17E-03,1.34E-03,1.84E-03,2.01E-04,1.21E-04,1.26E-04,1.32E-04,1.24E-04,1.04E-04,1.17E-04,1.02E-04,5.77E-05,5.35E-05,9.11E-06,3.86E-05,4.65E-05
5.17E-03,1.34E-03,1.84E-03,2.01E-04,1.21E-04,1.26E-04,1.32E-04,1.46E-04,1.04E-04,1.17E-04,1.02E-04,5.77E-05,5.35E-05,9.11E-06,3.86E-05,4.65E-05
5.17E-03,1.34E-03,1.84E-03,2.01E-04,1.21E-04,1.26E-04,1.32E-04,1.46E-04,1.17E-04,1.17E-04,1.02E-04,5.77E-05,5.35E-05,9.11E-06,3.86E-05,4.65E-05
5.17E-03,1.34E-03,1.84E-03,2.01E-04,1.21E-04,1.26E-04,1.32E-04,1.46E-04,1.17E-04,1.28E-04,1.02E-04,5.77E-05,5.35E-05,9.11E-06,3.86E-05,4.65E-05
5.17E-03,1.34E-03,1.84E-03,2.01E-04,1.21E-04,1.26E-04,1.32E-04,1.46E-04,1.17E-04,1.28E-04,1.06E-04,5.77E-05,5.35E-05,9.11E-06,3.86E-05,4.65E-05
5.17E-03,1.34E-03,1.84E-03,2.01E-04,1.21E-04,1.26E-04,1.32E-04,1.46E-04,1.17E-04,1.28E-04,1.06E-04,6.45E-05,5.35E-05,9.11E-06,3.86E-05,4.65E-05
5.17E-03,1.34E-03,1.84E-03,2.01E-04,1.21E-04,1.26E-04,1.32E-04,1.46E-04,1.17E-04,1.28E-04,1.06E-04,6.45E-05,5.51E-05,9.11E-06,3.86E-05,4.65E-05
5.17E-03,1.34E-03,1.84E-03,2.01E-04,1.21E-04,1.26E-04,1.32E-04,1.46E-04,1.17E-04,1.28E-04,1.06E-04,6.45E-05,5.51E-05,9.31E-06,3.86E-05,4.65E-05
5.17E-03,1.34E-03,1.84E-03,2.01E-04,1.21E-04,1.26E-04,1.32E-04,1.46E-04,1.17E-04,1.28E-04,1.06E-04,6.45E-05,5.51E-05,9.31E-06,4.08E-05,4.65E-05
5.17E-03,1.34E-03,1.84E-03,2.01E-04,1.21E-04,1.26E-04,1.32E-04,1.46E-04,1.17E-04,1.28E-04,1.06E-04,6.45E-05,5.51E-05,9.31E-06,4.08E-05,4.65E-05
3.06E-03,1.34E-03,1.84E-03,2.01E-04,1.21E-04,1.26E-04,1.32E-04,1.46E-04,1.17E-04,1.28E-04,1.06E-04,6.45E-05,5.51E-05,9.31E-06,4.08E-05,4.65E-05
3.06E-03,9.69E-04,1.84E-03,2.01E-04,1.21E-04,1.26E-04,1.32E-04,1.46E-04,1.17E-04,1.28E-04,1.06E-04,6.45E-05,5.51E-05,9.31E-06,4.08E-05,4.65E-05
3.06E-03,9.69E-04,1.68E-03,2.01E-04,1.21E-04,1.26E-04,1.32E-04,1.46E-04,1.17E-04,1.28E-04,1.06E-04,6.45E-05,5.51E-05,9.31E-06,4.08E-05,4.65E-05
3.06E-03,9.69E-04,1.68E-03,1.94E-04,1.21E-04,1.26E-04,1.32E-04,1.46E-04,1.17E-04,1.28E-04,1.06E-04,6.45E-05,5.51E-05,9.31E-06,4.08E-05,4.65E-05
3.06E-03,9.69E-04,1.68E-03,1.94E-04,1.33E-04,1.26E-04,1.32E-04,1.46E-04,1.17E-04,1.28E-04,1.06E-04,6.45E-05,5.51E-05,9.31E-06,4.08E-05,4.65E-05
3.06E-03,9.69E-04,1.68E-03,1.94E-04,1.33E-04,1.27E-04,1.32E-04,1.46E-04,1.17E-04,1.28E-04,1.06E-04,6.45E-05,5.51E-05,9.31E-06,4.08E-05,4.65E-05
3.06E-03,9.69E-04,1.68E-03,1.94E-04,1.33E-04,1.27E-04,1.28E-04,1.46E-04,1.17E-04,1.28E-04,1.06E-04,6.45E-05,5.51E-05,9.31E-06,4.08E-05,4.65E-05
3.06E-03,9.69E-04,1.68E-03,1.94E-04,1.33E-04,1.27E-04,1.28E-04,1.42E-04,1.17E-04,1.28E-04,1.06E-04,6.45E-05,5.51E-05,9.31E-06,4.08E-05,4.65E-05
3.06E-03,9.69E-04,1.68E-03,1.94E-04,1.33E-04,1.27E-04,1.28E-04,1.42E-04,1.21E-04,1.28E-04,1.06E-04,6.45E-05,5.51E-05,9.31E-06,4.08E-05,4.65E-05
3.06E-03,9.69E-04,1.68E-03,1.94E-04,1.33E-04,1.27E-04,1.28E-04,1.42E-04,1.21E-04,1.42E-04,1.06E-04,6.45E-05,5.51E-05,9.31E-06,4.08E-05,4.65E-05
3.06E-03,9.69E-04,1.68E-03,1.94E-04,1.33E-04,1.27E-04,1.28E-04,1.42E-04,1.21E-04,1.42E-04,1.11E-04,6.45E-05,5.51E-05,9.31E-06,4.08E-05,4.65E-05
3.06E-03,9.69E-04,1.68E-03,1.94E-04,1.33E-04,1.27E-04,1.28E-04,1.42E-04,1.21E-04,1.42E-04,1.11E-04,6.82E-05,5.51E-05,9.31E-06,4.08E-05,4.65E-05
3.06E-03,9.69E-04,1.68E-03,1.94E-04,1.33E-04,1.27E-04,1.28E-04,1.42E-04,1.21E-04,1.42E-04,1.11E-04,6.82E-05,5.79E-05,9.31E-06,4.08E-05,4.65E-05
3.06E-03,9.69E-04,1.68E-03,1.94E-04,1.33E-04,1.27E-04,1.28E-04,1.42E-04,1.21E-04,1.42E-04,1.11E-04,6.82E-05,5.79E-05,9.77E-06,4.08E-05,4.65E-05
3.06E-03,9.69E-04,1.68E-03,1.94E-04,1.33E-04,1.27E-04,1.28E-04,1.42E-04,1.21E-04,1.42E-04,1.11E-04,6.82E-05,5.79E-05,9.77E-06,4.06E-05,4.65E-05
3.06E-03,9.69E-04,1.68E-03,1.94E-04,1.33E-04,1.27E-04,1.28E-04,1.42E-04,1.21E-04,1.42E-04,1.11E-04,6.82E-05,5.79E-05,9.77E-06,4.06E-05,4.76E-05
4.64E-03,9.69E-04,1.68E-03,1.94E-04,1.33E-04,1.27E-04,1.28E-04,1.42E-04,1.21E-04,1.42E-04,1.11E-04,6.82E-05,5.79E-05,9.77E-06,4.06E-05,4.76E-05
4.64E-03,8.81E-04,1.68E-03,1.94E-04,1.33E-04,1.27E-04,1.28E-04,1.42E-04,1.21E-04,1.42E-04,1.11E-04,6.82E-05,5.79E-05,9.77E-06,4.06E-05,4.76E-05
4.64E-03,8.81E-04,1.96E-03,1.94E-04,1.33E-04,1.27E-04,1.28E-04,1.42E-04,1.21E-04,1.42E-04,1.11E-04,6.82E-05,5.79E-05,9.77E-06,4.06E-05,4.76E-05
4.64E-03,8.81E-04,1.96E-03,2.05E-04,1.33E-04,1.27E-04,1.28E-04,1.42E-04,1.21E-04,1.42E-04,1.11E-04,6.82E-05,5.79E-05,9.77E-06,4.06E-05,4.76E-05
4.64E-03,8.81E-04,1.96E-03,2.05E-04,1.37E-04,1.27E-04,1.28E-04,1.42E-04,1.21E-04,1.42E-04,1.11E-04,6.82E-05,5.79E-05,9.77E-06,4.06E-05,4.76E-05
4.64E-03,8.81E-04,1.96E-03,2.05E-04,1.37E-04,1.22E-04,1.28E-04,1.42E-04,1.21E-04,1.42E-04,1.11E-04,6.82E-05,5.79E-05,9.77E-06,4.06E-05,4.76E-05
4.64E-03,8.81E-04,1.96E-03,2.05E-04,1.37E-04,1.22E-04,1.30E-04,1.42E-04,1.21E-04,1.42E-04,1.11E-04,6.82E-05,5.79E-05,9.77E-06,4.06E-05,4.76E-05
4.64E-03,8.81E-04,1.96E-03,2.05E-04,1.37E-04,1.22E-04,1.30E-04,1.41E-04,1.21E-04,1.42E-04,1.11E-04,6.82E-05,5.79E-05,9.77E-06,4.06E-05,4.76E-05
4.64E-03,8.81E-04,1.96E-03,2.05E-04,1.37E-04,1.22E-04,1.30E-04,1.41E-04,1.21E-04,1.42E-04,1.11E-04,6.82E-05,5.79E-05,9.77E-06,4.06E-05,4.76E-05
4.64E-03,8.81E-04,1.96E-03,2.05E-04,1.37E-04,1.22E-04,1.30E-04,1.41E-04,1.21E-04,1.28E-04,1.11E-04,6.82E-05,5.79E-05,9.77E-06,4.06E-05,4.76E-05
4.64E-03,8.81E-04,1.96E-03,2.05E-04,1.37E-04,1.22E-04,1.30E-04,1.41E-04,1.21E-04,1.28E-04,1.11E-04,6.82E-05,5.79E-05,9.77E-06,4.06E-05,4.76E-05
4.64E-03,8.81E-04,1.96E-03,2.05E-04,1.37E-04,1.22E-04,1.30E-04,1.41E-04,1.21E-04,1.28E-04,1.11E-04,7.21E-05,5.79E-05,9.77E-06,4.06E-05,4.76E-05
4.64E-03,8.81E-04,1.96E-03,2.05E-04,1.37E-04,1.22E-04,1.30E-04,1.41E-04,1.21E-04,1.28E-04,1.11E-04,7.21E-05,5.87E-05,9.77E-06,4.06E-05,4.76E-05
4.64E-03,8.81E-04,1.96E-03,2.05E-04,1.37E-04,1.22E-04,1.30E-04,1.41E-04,1.21E-04,1.28E-04,1.11E-04,7.21E-05,5.87E-05,8.60E-06,4.06E-05,4.76E-05
4.64E-03,8.81E-04,1.96E-03,2.05E-04,1.37E-04,1.22E-04,1.30E-04,1.41E-04,1.21E-04,1.28E-04,1.11E-04,7.21E-05,5.87E-05,8.60E-06,4.03E-05,4.76E-05
4.64E-03,8.81E-04,1.96E-03,2.05E-04,1.37E-04,1.22E-04,1.30E-04,1.41E-04,1.21E-04,1.28E-04,1.11E-04,7.21E-05,5.87E-05,8.60E-06,4.03E-05,4.81E-05
3.98E-03,8.81E-04,1.96E-03,2.05E-04,1.37E-04,1.22E-04,1.30E-04,1.41E-04,1.21E-04,1.28E-04,1.11E-04,7.21E-05,5.87E-05,8.60E-06,4.03E-05,4.81E-05
3.98E-03,8.96E-04,1.96E-03,2.05E-04,1.37E-04,1.22E-04,1.30E-04,1.41E-04,1.21E-04,1.28E-04,1.11E-04,7.21E-05,5.87E-05,8.60E-06,4.03E-05,4.81E-05
3.98E-03,8.96E-04,2.10E-03,2.05E-04,1.37E-04,1.22E-04,1.30E-04,1.41E-04,1.21E-04,1.28E-04,1.11E-04,7.21E-05,5.87E-05,8.60E-06,4.03E-05,4.81E-05
3.98E-03,8.96E-04,2.10E-03,2.48E-04,1.37E-04,1.22E-04,1.30E-04,1.41E-04,1.21E-04,1.28E-04,1.11E-04,7.21E-05,5.87E-05,8.60E-06,4.03E-05,4.81E-05
3.98E-03,8.96E-04,2.10E-03,2.48E-04,1.15E-04,1.22E-04,1.30E-04,1.41E-04,1.21E-04,1.28E-04,1.11E-04,7.21E-05,5.87E-05,8.60E-06,4.03E-05,4.81E-05
3.98E-03,8.96E-04,2.10E-03,2.48E-04,1.15E-04,1.28E-04,1.30E-04,1.41E-04,1.21E-04,1.28E-04,1.11E-04,7.21E-05,5.87E-05,8.60E-06,4.03E-05,4.81E-05
3.98E-03,8.96E-04,2.10E-03,2.48E-04,1.15E-04,1.28E-04,1.23E-04,1.41E-04,1.21E-04,1.28E-04,1.11E-04,7.21E-05,5.87E-05,8.60E-06,4.03E-05,4.81E-05
3.98E-03,8.96E-04,2.10E-03,2.48E-04,1.15E-04,1.28E-04,1.23E-04,1.36E-04,1.21E-04,1.28E-04,1.11E-04,7.21E-05,5.87E-05,8.60E-06,4.03E-05,4.81E-05
3.98E-03,8.96E-04,2.10E-03,2.48E-04,1.15E-04,1.28E-04,1.23E-04,1.36E-04,1.26E-04,1.28E-04,1.11E-04,7.21E-05,5.87E-05,8.60E-06,4.03E-05,4.81E-05
3.98E-03,8.96E-04,2.10E-03,2.48E-04,1.15E-04,1.28E-04,1.23E-04,1.36E-04,1.26E-04,1.41E-04,1.11E-04,7.21E-05,5.87E-05,8.60E-06,4.03E-05,4.81E-05
3.98E-03,8.96E-04,2.10E-03,2.48E-04,1.15E-04,1.28E-04,1.23E-04,1.36E-04,1.26E-04,1.41E-04,1.16E-04,7.21E-05,5.87E-05,8.60E-06,4.03E-05,4.81E-05
3.98E-03,8.96E-04,2.10E-03,2.48E-04,1.15E-04,1.28E-04,1.23E-04,1.36E-04,1.26E-04,1.41E-04,1.16E-04,7.29E-05,5.87E-05,8.60E-06,4.03E-05,4.81E-05
3.98E-03,8.96E-04,2.10E-03,2.48E-04,1.15E-04,1.28E-04,1.23E-04,1.36E-04,1.26E-04,1.41E-04,1.16E-04,7.29E-05,5.98E-05,8.60E-06,4.03E-05,4.81E-05
3.98E-03,8.96E-04,2.10E-03,2.48E-04,1.15E-04,1.28E-04,1.23E-04,1.36E-04,1.26E-04,1.41E-04,1.16E-04,7.29E-05,5.98E-05,1.00E-05,4.03E-05,4.81E-05
3.98E-03,8.96E-04,2.10E-03,2.48E-04,1.15E-04,1.28E-04,1.23E-04,1.36E-04,1.26E-04,1.41E-04,1.16E-04,7.29E-05,5.98E-05,1.00E-05,4.02E-05,4.81E-05
3.98E-03,8.96E-04,2.10E-03,2.48E-04,1.15E-04,1.28E-04,1.23E-04,1.36E-04,1.26E-04,1.41E-04,1.16E-04,7.29E-05,5.98E-05,1.00E-05,4.02E-05,4.71E-05
5.32E-03,8.96E-04,2.10E-03,2.48E-04,1.15E-04,1.28E-04,1.23E-04,1.36E-04,1.26E-04,1.41E-04,1.16E-04,7.29E-05,5.98E-05,1.00E-05,4.02E-05,4.71E-05
5.32E-03,7.98E-04,2.10E-03,2.48E-04,1.15E-04,1.28E-04,1.23E-04,1.36E-04,1.26E-04,1.41E-04,1.16E-04,7.29E-05,5.98E-05,1.00E-05,4.02E-05,4.71E-05
5.32E-03,7.98E-04,1.69E-03,2.48E-04,1.15E-04,1.28E-04,1.23E-04,1.36E-04,1.26E-04,1.41E-04,1.16E-04,7.29E-05,5.98E-05,1.00E-05,4.02E-05,4.71E-05
5.32E-03,7.98E-04,1.69E-03,2.03E-04,1.15E-04,1.28E-04,1.23E-04,1.36E-04,1.26E-04,1.41E-04,1.16E-04,7.29E-05,5.98E-05,1.00E-05,4.02E-05,4.71E-05
5.32E-03,7.98E-04,1.69E-03,2.03E-04,1.38E-04,1.28E-04,1.23E-04,1.36E-04,1.26E-04,1.41E-04,1.16E-04,7.29E-05,5.98E-05,1.00E-05,4.02E-05,4.71E-05
5.32E-03,7.98E-04,1.69E-03,2.03E-04,1.38E-04,1.21E-04,1.23E-04,1.36E-04,1.26E-04,1.41E-04,1.16E-04,7.29E-05,5.98E-05,1.00E-05,4.02E-05,4.71E-05
5.32E-03,7.98E-04,1.69E-03,2.03E-04,1.38E-04,1.21E-04,1.24E-04,1.36E-04,1.26E-04,1.41E-04,1.16E-04,7.29E-05,5.98E-05,1.00E-05,4.02E-05,4.71E-05
5.32E-03,7.98E-04,1.69E-03,2.03E-04,1.38E-04,1.21E-04,1.24E-04,1.35E-04,1.26E-04,1.41E-04,1.16E-04,7.29E-05,5.98E-05,1.00E-05,4.02E-05,4.71E-05
5.32E-03,7.98E-04,1.69E-03,2.03E-04,1.38E-04,1.21E-04,1.24E-04,1.35E-04,1.27E-04,1.41E-04,1.16E-04,7.29E-05,5.98E-05,1.00E-05,4.02E-05,4.71E-05
5.32E-03,7.98E-04,1.69E-03,2.03E-04,1.38E-04,1.21E-04,1.24E-04,1.35E-04,1.27E-04,1.41E-04,1.16E-04,7.29E-05,5.98E-05,1.00E-05,4.02E-05,4.71E-05
5.32E-03,7.98E-04,1.69E-03,2.03E-04,1.38E-04,1.21E-04,1.24E-04,1.35E-04,1.27E-04,1.41E-04,1.17E-04,7.29E-05,5.98E-05,1.00E-05,4.02E-05,4.71E-05
5.32E-03,7.98E-04,1.69E-03,2.03E-04,1.38E-04,1.21E-04,1.24E-04,1.35E-04,1.27E-04,1.41E-04,1.17E-04,7.18E-05,5.98E-05,1.00E-05,4.02E-05,4.71E-05
5.32E-03,7.98E-04,1.69E-03,2.03E-04,1.38E-04,1.21E-04,1.24E-04,1.35E-04,1.27E-04,1.41E-04,1.17E-04,7.18E-05,5.83E-05,1.00E-05,4.02E-05,4.71E-05
5.32E-03,7.98E-04,1.69E-03,2.03E-04,1.38E-04,1.21E-04,1.24E-04,1.35E-04,1.27E-04,1.41E-04,1.17E-04,7.18E-05,5.83E-05,8.20E-06,4.02E-05,4.71E-05
5.32E-03,7.98E-04,1.69E-03,2.03E-04,1.38E-04,1.21E-04,1.24E-04,1.35E-04,1.27E-04,1.41E-04,1.17E-04,7.18E-05,5.83E-05,8.20E-06,4.00E-05,4.71E-05
5.32E-03,7.98E-04,1.69E-03,2.03E-04,1.38E-04,1.21E-04,1.24E-04,1.35E-04,1.27E-04,1.41E-04,1.17E-04,7.18E-05,5.83E-05,8.20E-06,4.00E-05,4.78E-05
5.21E-03,7.98E-04,1.69E-03,2.03E-04,1.38E-04,1.21E-04,1.24E-04,1.35E-04,1.27E-04,1.41E-04,1.17E-04,7.18E-05,5.83E-05,8.20E-06,4.00E-05,4.78E-05
5.21E-03,9.92E-04,1.69E-03,2.03E-04,1.38E-04,1.21E-04,1.24E-04,1.35E-04,1.27E-04,1.41E-04,1.17E-04,7.18E-05,5.83E-05,8.20E-06,4.00E-05,4.78E-05
5.21E-03,9.92E-04,1.86E-03,2.03E-04,1.38E-04,1.21E-04,1.24E-04,1.35E-04,1.27E-04,1.41E-04,1.17E-04,7.18E-05,5.83E-05,8.20E-06,4.00E-05,4.78E-05
5.21E-03,9.92E-04,1.86E-03,2.17E-04,1.38E-04,1.21E-04,1.24E-04,1.35E-04,1.27E-04,1.41E-04,1.17E-04,7.18E-05,5.83E-05,8.20E-06,4.00E-05,4.78E-05
5.21E-03,9.92E-04,1.86E-03,2.17E-04,1.42E-04,1.21E-04,1.24E-04,1.35E-04,1.27E-04,1.41E-04,1.17E-04,7.18E-05,5.83E-05,8.20E-06,4.00E-05,4.78E-05
5.21E-03,9.92E-04,1.86E-03,2.17E-04,1.42E-04,1.31E-04,1.24E-04,1.35E-04,1.27E-04,1.41E-04,1.17E-04,7.18E-05,5.83E-05,8.20E-06,4.00E-05,4.78E-05
5.21E-03,9.92E-04,1.86E-03,2.17E-04,1.42E-04,1.31E-04,1.29E-04,1.35E-04,1.27E-04,1.41E-04,1.17E-04,7.18E-05,5.83E-05,8.20E-06,4.00E-05,4.78E-05
5.21E-03,9.92E-04,1.86E-03,2.17E-04,1.42E-04,1.31E-04,1.29E-04,1.29E-04,1.27E-04,1.41E-04,1.17E-04,7.18E-05,5.83E-05,8.20E-06,4.00E-05,4.78E-05
5.21E-03,9.92E-04,1.86E-03,2.17E-04,1.42E-04,1.31E-04,1.29E-04,1.29E-04,1.28E-04,1.41E-04,1.17E-04,7.18E-05,5.83E-05,8.20E-06,4.00E-05,4.78E-05
5.21E-03,9.92E-04,1.86E-03,2.17E-04,1.42E-04,1.31E-04,1.29E-04,1.29E-04,1.28E-04,1.39E-04,1.17E-04,7.18E-05,5.83E-05,8.20E-06,4.00E-05,4.78E-05
5.21E-03,9.92E-04,1.86E-03,2.17E-04,1.42E-04,1.31E-04,1.29E-04,1.29E-04,1.28E-04,1.39E-04,1.18E-04,7.18E-05,5.83E-05,8.20E-06,4.00E-05,4.78E-05
5.21E-03,9.92E-04,1.86E-03,2.17E-04,1.42E-04,1.31E-04,1.29E-04,1.29E-04,1.28E-04,1.39E-04,1.18E-04,7.36E-05,5.83E-05,8.20E-06,4.00E-05,4.78E-05
5.21E-03,9.92E-04,1.86E-03,2.17E-04,1.42E-04,1.31E-04,1.29E-04,1.29E-04,1.28E-04,1.39E-04,1.18E-04,7.36E-05,6.04E-05,8.20E-06,4.00E-05,4.78E-05
5.21E-03,9.92E-04,1.86E-03,2.17E-04,1.42E-04,1.31E-04,1.29E-04,1.29E-04,1.28E-04,1.39E-04,1.18E-04,7.36E-05,6.04E-05,8.55E-06,4.00E-05,4.78E-05
5.21E-03,9.92E-04,1.86E-03,2.17E-04,1.42E-04,1.31E-04,1.29E-04,1.29E-04,1.28E-04,1.39E-04,1.18E-04,7.36E-05,6.04E-05,8.55E-06,4.00E-05,4.78E-05
5.21E-03,9.92E-04,1.86E-03,2.17E-04,1.42E-04,1.31E-04,1.29E-04,1.29E-04,1.28E-04,1.39E-04,1.18E-04,7.36E-05,6.04E-05,8.55E-06,4.00E-05,4.86E-05
5.04E-03,9.92E-04,1.86E-03,2.17E-04,1.42E-04,1.31E-04,1.29E-04,1.29E-04,1.28E-04,1.39E-04,1.18E-04,7.36E-05,6.04E-05,8.55E-06,4.00E-05,4.86E-05
5.04E-03,9.81E-04,1.86E-03,2.17E-04,1.42E-04,1.31E-04,1.29E-04,1.29E-04,1.28E-04,1.39E-04,1.18E-04,7.36E-05,6.04E-05,8.55E-06,4.00E-05,4.86E-05
5.04E-03,9.81E-04,1.74E-03,2.17E-04,1.42E-04,1.31E-04,1.29E-04,1.29E-04,1.28E-04,1.39E-04,1.18E-04,7.36E-05,6.04E-05,8.55E-06,4.00E-05,4.86E-05
5.04E-03,9.81E-04,1.74E-03,2.27E-04,1.42E-04,1.31E-04,1.29E-04,1.29E-04,1.28E-04,1.39E-04,1.18E-04,7.36E-05,6.04E-05,8.55E-06,4.00E-05,4.86E-05
5.04E-03,9.81E-04,1.74E-03,2.27E-04,1.37E-04,1.31E-04,1.29E-04,1.29E-04,1.28E-04,1.39E-04,1.18E-04,7.36E-05,6.04E-05,8.55E-06,4.00E-05,4.86E-05
5.04E-03,9.81E-04,1.74E-03,2.27E-04,1.37E-04,1.27E-04,1.29E-04,1.29E-04,1.28E-04,1.39E-04,1.18E-04,7.36E-05,6.04E-05,8.55E-06,4.00E-05,4.86E-05
5.04E-03,9.81E-04,1.74E-03,2.27E-04,1.37E-04,1.27E-04,1.29E-04,1.29E-04,1.28E-04,1.39E-04,1.18E-04,7.36E-05,6.04E-05,8.55E-06,4.00E-05,4.86E-05
5.04E-03,9.81E-04,1.74E-03,2.27E-04,1.37E-04,1.27E-04,1.29E-04,1.39E-04,1.28E-04,1.39E-04,1.18E-04,7.36E-05,6.04E-05,8.55E-06,4.00E-05,4.86E-05
5.04E-03,9.81E-04,1.74E-03,2.27E-04,1.37E-04,1.27E-04,1.29E-04,1.39E-04,1.22E-04,1.39E-04,1.18E-04,7.36E-05,6.04E-05,8.55E-06,4.00E-05,4.86E-05
5.04E-03,9.81E-04,1.74E-03,2.27E-04,1.37E-04,1.27E-04,1.29E-04,1.39E-04,1.22E-04,1.47E-04,1.18E-04,7.36E-05,6.04E-05,8.55E-06,4.00E-05,4.86E-05
5.04E-03,9.81E-04,1.74E-03,2.27E-04,1.37E-04,1.27E-04,1.29E-04,1.39E-04,1.22E-04,1.47E-04,1.15E-04,7.36E-05,6.04E-05,8.55E-06,4.00E-05,4.86E-05
5.04E-03,9.81E-04,1.74E-03,2.27E-04,1.37E-04,1.27E-04,1.29E-04,1.39E-04,1.22E-04,1.47E-04,1.15E-04,7.16E-05,6.04E-05,8.55E-06,4.00E-05,4.86E-05
5.04E-03,9.81E-04,1.74E-03,2.27E-04,1.37E-04,1.27E-04,1.29E-04,1.39E-04,1.22E-04,1.47E-04,1.15E-04,7.16E-05,5.86E-05,8.55E-06,4.00E-05,4.86E-05
5.04E-03,9.81E-04,1.74E-03,2.27E-04,1.37E-04,1.27E-04,1.29E-04,1.39E-04,1.22E-04,1.47E-04,1.15E-04,7.16E-05,5.86E-05,8.12E-06,4.00E-05,4.86E-05
5.04E-03,9.81E-04,1.74E-03,2.27E-04,1.37E-04,1.27E-04,1.29E-04,1.39E-04,1.22E-04,1.47E-04,1.15E-04,7.16E-05,5.86E-05,8.12E-06,4.09E-05,4.86E-05
5.04E-03,9.81E-04,1.74E-03,2.27E-04,1.37E-04,1.27E-04,1.29E-04,1.39E-04,1.22E-04,1.47E-04,1.15E-04,7.16E-05,5.86E-05,8.12E-06,4.09E-05,4.80E-05
6.37E-03,9.81E-04,1.74E-03,2.27E-04,1.37E-04,1.27E-04,1.29E-04,1.39E-04,1.22E-04,1.47E-04,1.15E-04,7.16E-05,5.86E-05,8.12E-06,4.09E-05,4.80E-05
6.37E-03,1.08E-03,1.74E-03,2.27E-04,1.37E-04,1.27E-04,1.29E-04,1.39E-04,1.22E-04,1.47E-04,1.15E-04,7.16E-05,5.86E-05,8.12E-06,4.09E-05,4.80E-05
6.37E-03,1.08E-03,1.51E-03,2.27E-04,1.37E-04,1.27E-04,1.29E-04,1.39E-04,1.22E-04,1.47E-04,1.15E-04,7.16E-05,5.86E-05,8.12E-06,4.09E-05,4.80E-05
6.37E-03,1.08E-03,1.51E-03,1.94E-04,1.37E-04,1.27E-04,1.29E-04,1.39E-04,1.22E-04,1.47E-04,1.15E-04,7.16E-05,5.86E-05,8.12E-06,4.09E-05,4.80E-05
6.37E-03,1.08E-03,1.51E-03,1.94E-04,1.36E-04,1.27E-04,1.29E-04,1.39E-04,1.22E-04,1.47E-04,1.15E-04,7.16E-05,5.86E-05,8.12E-06,4.09E-05,4.80E-05
6.37E-03,1.08E-03,1.51E-03,1.94E-04,1.36E-04,1.32E-04,1.29E-04,1.39E-04,1.22E-04,1.47E-04,1.15E-04,7.16E-05,5.86E-05,8.12E-06,4.09E-05,4.80E-05
6.37E-03,1.08E-03,1.51E-03,1.94E-04,1.36E-04,1.32E-04,1.28E-04,1.39E-04,1.22E-04,1.47E-04,1.15E-04,7.16E-05,5.86E-05,8.12E-06,4.09E-05,4.80E-05
6.37E-03,1.08E-03,1.51E-03,1.94E-04,1.36E-04,1.32E-04,1.28E-04,1.43E-04,1.22E-04,1.47E-04,1.15E-04,7.16E-05,5.86E-05,8.12E-06,4.09E-05,4.80E-05
6.37E-03,1.08E-03,1.51E-03,1.94E-04,1.36E-04,1.32E-04,1.28E-04,1.43E-04,1.26E-04,1.47E-04,1.15E-04,7.16E-05,5.86E-05,8.12E-06,4.09E-05,4.80E-05
6.37E-03,1.08E-03,1.51E-03,1.94E-04,1.36E-04,1.32E-04,1.28E-04,1.43E-04,1.26E-04,1.49E-04,1.15E-04,7.16E-05,5.86E-05,8.12E-06,4.09E-05,4.80E-05
6.37E-03,1.08E-03,1.51E-03,1.94E-04,1.36E-04,1.32E-04,1.28E-04,1.43E-04,1.26E-04,1.49E-04,1.23E-04,7.16E-05,5.86E-05,8.12E-06,4.09E-05,4.80E-05
6.37E-03,1.08E-03,1.51E-03,1.94E-04,1.36E-04,1.32E-04,1.28E-04,1.43E-04,1.26E-04,1.49E-04,1.23E-04,7.35E-05,5.86E-05,8.12E-06,4.09E-05,4.80E-05
6.37E-03,1.08E-03,1.51E-03,1.94E-04,1.36E-04,1.32E-04,1.28E-04,1.43E-04,1.26E-04,1.49E-04,1.23E-04,7.35E-05,5.93E-05,8.12E-06,4.09E-05,4.80E-05
6.37E-03,1.08E-03,1.51E-03,1.94E-04,1.36E-04,1.32E-04,1.28E-04,1.43E-04,1.26E-04,1.49E-04,1.23E-04,7.35E-05,5.93E-05,7.80E-06,4.09E-05,4.80E-05
6.37E-03,1.08E-03,1.51E-03,1.94E-04,1.36E-04,1.32E-04,1.28E-04,1.43E-04,1.26E-04,1.49E-04,1.23E-04,7.35E-05,5.93E-05,7.80E-06,4.05E-05,4.80E-05
6.37E-03,1.08E-03,1.51E-03,1.94E-04,1.36E-04,1.32E-04,1.28E-04,1.43E-04,1.26E-04,1.49E-04,1.23E-04,7.35E-05,5.93E-05,7.80E-06,4.05E-05,4.84E-05
4.93E-03,1.08E-03,1.51E-03,1.94E-04,1.36E-04,1.32E-04,1.28E-04,1.43E-04,1.26E-04,1.49E-04,1.23E-04,7.35E-05,5.93E-05,7.80E-06,4.05E-05,4.84E-05
4.93E-03,9.52E-04,1.51E-03,1.94E-04,1.36E-04,1.32E-04,1.28E-04,1.43E-04,1.26E-04,1.49E-04,1.23E-04,7.35E-05,5.93E-05,7.80E-06,4.05E-05,4.84E-05
4.93E-03,9.52E-04,2.02E-03,1.94E-04,1.36E-04,1.32E-04,1.28E-04,1.43E-04,1.26E-04,1.49E-04,1.23E-04,7.35E-05,5.93E-05,7.80E-06,4.05E-05,4.84E-05
4.93E-03,9.52E-04,2.02E-03,1.73E-04,1.36E-04,1.32E-04,1.28E-04,1.43E-04,1.26E-04,1.49E-04,1.23E-04,7.35E-05,5.93E-05,7.80E-06,4.05E-05,4.84E-05
4.93E-03,9.52E-04,2.02E-03,1.73E-04,1.41E-04,1.32E-04,1.28E-04,1.43E-04,1.26E-04,1.49E-04,1.23E-04,7.35E-05,5.93E-05,7.80E-06,4.05E-05,4.84E-05
4.93E-03,9.52E-04,2.02E-03,1.73E-04,1.41E-04,1.23E-04,1.28E-04,1.43E-04,1.26E-04,1.49E-04,1.23E-04,7.35E-05,5.93E-05,7.80E-06,4.05E-05,4.84E-05
4.93E-03,9.52E-04,2.02E-03,1.73E-04,1.41E-04,1.23E-04,1.29E-04,1.43E-04,1.26E-04,1.49E-04,1.23E-04,7.35E-05,5.93E-05,7.80E-06,4.05E-05,4.84E-05
4.93E-03,9.52E-04,2.02E-03,1.73E-04,1.41E-04,1.23E-04,1.29E-04,1.33E-04,1.26E-04,1.49E-04,1.23E-04,7.35E-05,5.93E-05,7.80E-06,4.05E-05,4.84E-05
4.93E-03,9.52E-04,2.02E-03,1.73E-04,1.41E-04,1.23E-04,1.29E-04,1.33E-04,1.27E-04,1.49E-04,1.23E-04,7.35E-05,5.93E-05,7.80E-06,4.05E-05,4.84E-05
4.93E-03,9.52E-04,2.02E-03,1.73E-04,1.41E-04,1.23E-04,1.29E-04,1.33E-04,1.27E-04,1.50E-04,1.23E-04,7.35E-05,5.93E-05,7.80E-06,4.05E-05,4.84E-05
4.93E-03,9.52E-04,2.02E-03,1.73E-04,1.41E-04,1.23E-04,1.29E-04,1.33E-04,1.27E-04,1.50E-04,1.22E-04,7.35E-05,5.93E-05,7.80E-06,4.05E-05,4.84E-05
4.93E-03,9.52E-04,2.02E-03,1.73E-04,1.41E-04,1.23E-04,1.29E-04,1.33E-04,1.27E-04,1.50E-04,1.22E-04,7.72E-05,5.93E-05,7.80E-06,4.05E-05,4.84E-05
4.93E-03,9.52E-04,2.02E-03,1.73E-04,1.41E-04,1.23E-04,1.29E-04,1.33E-04,1.27E-04,1.50E-04,1.22E-04,7.72E-05,6.12E-05,7.80E-06,4.05E-05,4.84E-05
4.93E-03,9.52E-04,2.02E-03,1.73E-04,1.41E-04,1.23E-04,1.29E-04,1.33E-04,1.27E-04,1.50E-04,1.22E-04,7.72E-05,6.12E-05,7.64E-06,4.05E-05,4.84E-05
4.93E-03,9.52E-04,2.02E-03,1.73E-04,1.41E-04,1.23E-04,1.29E-04,1.33E-04,1.27E-04,1.50E-04,1.22E-04,7.72E-05,6.12E-05,7.64E-06,4.01E-05,4.84E-05
4.93E-03,9.52E-04,2.02E-03,1.73E-04,1.41E-04,1.23E-04,1.29E-04,1.33E-04,1.27E-04,1.50E-04,1.22E-04,7.72E-05,6.12E-05,7.64E-06,4.01E-05,4.90E-05
4.38E-03,9.52E-04,2.02E-03,1.73E-04,1.41E-04,1.23E-04,1.29E-04,1.33E-04,1.27E-04,1.50E-04,1.22E-04,7.72E-05,6.12E-05,7.64E-06,4.01E-05,4.90E-05
4.38E-03,1.12E-03,2.02E-03,1.73E-04,1.41E-04,1.23E-04,1.29E-04,1.33E-04,1.27E-04,1.50E-04,1.22E-04,7.72E-05,6.12E-05,7.64E-06,4.01E-05,4.90E-05
4.38E-03,1.12E-03,1.80E-03,1.73E-04,1.41E-04,1.23E-04,1.29E-04,1.33E-04,1.27E-04,1.50E-04,1.22E-04,7.72E-05,6.12E-05,7.64E-06,4.01E-05,4.90E-05
4.38E-03,1.12E-03,1.80E-03,2.26E-04,1.41E-04,1.23E-04,1.29E-04,1.33E-04,1.27E-04,1.50E-04,1.22E-04,7.72E-05,6.12E-05,7.64E-06,4.01E-05,4.90E-05
4.38E-03,1.12E-03,1.80E-03,2.26E-04,1.40E-04,1.23E-04,1.29E-04,1.33E-04,1.27E-04,1.50E-04,1.22E-04,7.72E-05,6.12E-05,7.64E-06,4.01E-05,4.90E-05
4.38E-03,1.12E-03,1.80E-03,2.26E-04,1.40E-04,1.18E-04,1.29E-04,1.33E-04,1.27E-04,1.50E-04,1.22E-04,7.72E-05,6.12E-05,7.64E-06,4.01E-05,4.90E-05
4.38E-03,1.12E-03,1.80E-03,2.26E-04,1.40E-04,1.18E-04,1.23E-04,1.33E-04,1.27E-04,1.50E-04,1.22E-04,7.72E-05,6.12E-05,7.64E-06,4.01E-05,4.90E-05
4.38E-03,1.12E-03,1.80E-03,2.26E-04,1.40E-04,1.18E-04,1.23E-04,1.34E-04,1.27E-04,1.50E-04,1.22E-04,7.72E-05,6.12E-05,7.64E-06,4.01E-05,4.90E-05
4.38E-03,1.12E-03,1.80E-03,2.26E-04,1.40E-04,1.18E-04,1.23E-04,1.34E-04,1.25E-04,1.50E-04,1.22E-04,7.72E-05,6.12E-05,7.64E-06,4.01E-05,4.90E-05
4.38E-03,1.12E-03,1.80E-03,2.26E-04,1.40E-04,1.18E-04,1.23E-04,1.34E-04,1.25E-04,1.61E-04,1.22E-04,7.72E-05,6.12E-05,7.64E-06,4.01E-05,4.90E-05
4.38E-03,1.12E-03,1.80E-03,2.26E-04,1.40E-04,1.18E-04,1.23E-04,1.34E-04,1.25E-04,1.61E-04,1.38E-04,7.72E-05,6.12E-05,7.64E-06,4.01E-05,4.90E-05
4.38E-03,1.12E-03,1.80E-03,2.26E-04,1.40E-04,1.18E-04,1.23E-04,1.34E-04,1.25E-04,1.61E-04,1.38E-04,7.95E-05,6.12E-05,7.64E-06,4.01E-05,4.90E-05
4.38E-03,1.12E-03,1.80E-03,2.26E-04,1.40E-04,1.18E-04,1.23E-04,1.34E-04,1.25E-04,1.61E-04,1.38E-04,7.95E-05,6.10E-05,7.64E-06,4.01E-05,4.90E-05
4.38E-03,1.12E-03,1.80E-03,2.26E-04,1.40E-04,1.18E-04,1.23E-04,1.34E-04,1.25E-04,1.61E-04,1.38E-04,7.95E-05,6.10E-05,8.07E-06,4.01E-05,4.90E-05
4.38E-03,1.12E-03,1.80E-03,2.26E-04,1.40E-04,1.18E-04,1.23E-04,1.34E-04,1.25E-04,1.61E-04,1.38E-04,7.95E-05,6.10E-05,8.07E-06,4.29E-05,4.90E-05
4.38E-03,1.12E-03,1.80E-03,2.26E-04,1.40E-04,1.18E-04,1.23E-04,1.34E-04,1.25E-04,1.61E-04,1.38E-04,7.95E-05,6.10E-05,8.07E-06,4.29E-05,4.83E-05
0.00E+00,1.12E-03,1.80E-03,2.26E-04,1.40E-04,1.18E-04,1.23E-04,1.34E-04,1.25E-04,1.61E-04,1.38E-04,7.95E-05,6.10E-05,8.07E-06,4.29E-05,4.83E-05
0.00E+00,0.00E+00,1.80E-03,2.26E-04,1.40E-04,1.18E-04,1.23E-04,1.34E-04,1.25E-04,1.61E-04,1.38E-04,7.95E-05,6.10E-05,8.07E-06,4.29E-05,4.83E-05
0.00E+00,0.00E+00,0.00E+00,2.26E-04,1.40E-04,1.18E-04,1.23E-04,1.34E-04,1.25E-04,1.61E-04,1.38E-04,7.95E-05,6.10E-05,8.07E-06,4.29E-05,4.83E-05
0.00E+00,0.00E+00,0.00E+00,0.00E+00,1.40E-04,1.18E-04,1.23E-04,1.34E-04,1.25E-04,1.61E-04,1.38E-04,7.95E-05,6.10E-05,8.07E-06,4.29E-05,4.83E-05
0.00E+00,0.00E+00,0.00E+00,0.00E+00,0.00E+00,1.18E-04,1.23E-04,1.34E-04,1.25E-04,1.61E-04,1.38E-04,7.95E-05,6.10E-05,8.07E-06,4.29E-05,4.83E-05
0.00E+00,0.00E+00,0.00E+00,0.00E+00,0.00E+00,0.00E+00,1.23E-04,1.34E-04,1.25E-04,1.61E-04,1.38E-04,7.95E-05,6.10E-05,8.07E-06,4.29E-05,4.83E-05
0.00E+00,0.00E+00,0.00E+00,0.00E+00,0.00E+00,0.00E+00,0.00E+00,1.34E-04,1.25E-04,1.61E-04,1.38E-04,7.95E-05,6.10E-05,8.07E-06,4.29E-05,4.83E-05
0.00E+00,0.00E+00,0.00E+00,0.00E+00,0.00E+00,0.00E+00,0.00E+00,0.00E+00,1.25E-04,1.61E-04,1.38E-04,7.95E-05,6.10E-05,8.07E-06,4.29E-05,4.83E-05
